{
  "x":1,
  "y":2,
  "name": "Washington Heights",
  "district_items": ["etc/items/lotto_ticket.json",
                    "etc/items/note.json"],
  "clues": [],
  "characters": [],
  "short_description": "Washington Heights is a highly commercialized neighborhood of the City of New San Diego.",
  "long_description": "Washington Heights is a highly commercialized neighborhood of the City of New San Diego. The area, with over 150,000 inhabitants as of 2010, is named for the historic Fort Washington."

}