{
  "x":2,
  "y":1,
  "name": "Webster Mountain",
  "district_items": ["etc/items/mushroom.json"],
  "clues": [],
  "characters": ["etc/characters/daniel.json"],
  "short_description": "Webster Mountain is a neighborhood in the southern portion of the New San Diego City.",
  "long_description": "Webster Mountain is a neighborhood in the southern portion of the New San Diego City. The mountain, formerly called Notch Mountain, is named after the explorer and town's founder, Benjamin Webster."

}