{
  "short_description": "A jogger.",
  "long_description": "A jogger is running in place.",
  "puzzle": "etc/puzzles/jogger_puzzle.json",
  "narration": "A Jogger is running in place.",
  "dialogs": [
            "You approach the Jogger. She says: 'I'm waiting for the light to change. Want to solve a puzzle in the meanwhile?'",
            "Want another try?",
            "Nope. That's not correct.",
            "Good job. I don't have anything to offer, but I just gave your brain an exercise. You're welcome!",
            "This traffic light is taking forever." ],
  "action":[
    "etc/characters/actions/look_at_jogger.json",
    "etc/characters/actions/take_jogger.json",
    "etc/characters/actions/use_jogger.json",
    "etc/characters/actions/talk_to_jogger.json",
    "etc/characters/actions/enter_jogger.json",
    "etc/characters/actions/eat_jogger.json",
    "etc/characters/actions/hit_jogger.json",
    "etc/characters/actions/climb_jogger.json",
    "etc/characters/actions/move_jogger.json",
    "etc/characters/actions/swim_jogger.json",
    "etc/characters/actions/lift_jogger.json",
    "etc/characters/actions/feed_jogger.json"
        ]

}