{"name": "Apple",
  "item_type": "FEATURE",
  "narration": "There's a shiny, red Apple.",
  "description": "It's growing off a tree. Looks juicy. I don't know if I should eat this.",
  "actions": ["etc/items/actions/view_apple.json",
    "etc/items/actions/eat_apple.json",
    "etc/items/actions/talk_apple.json",
    "etc/items/actions/move_apple.json",
    "etc/items/actions/climb_apple.json",
    "etc/items/actions/feed_apple.json",
    "etc/items/actions/hit_apple.json",
    "etc/items/actions/lift_apple.json",
    "etc/items/actions/take_apple.json",
    "etc/items/actions/use_apple.json",
    "etc/items/actions/enter_apple.json",
    "etc/items/actions/swim_apple.json"]}