{"name": "Barbell",
  "item_type": "FEATURE",
  "narration": "A loaded Barbell is sitting on the ground.",
  "description": "The Barbell is loaded with about 200 kg.",
  "actions": ["etc/items/actions/view_barbell.json",
    "etc/items/actions/lift_barbell.json",
    "etc/items/actions/talk_barbell.json",
    "etc/items/actions/eat_barbell.json",
    "etc/items/actions/move_barbell.json",
    "etc/items/actions/climb_barbell.json",
    "etc/items/actions/feed_barbell.json",
    "etc/items/actions/hit_barbell.json",
    "etc/items/actions/take_barbell.json",
    "etc/items/actions/use_barbell.json",
    "etc/items/actions/enter_barbell.json",
    "etc/items/actions/swim_barbell.json"]}