{"name": "Crystal Key",
  "item_type": "CRITICAL",
  "narration": "",
  "description": "A sparkling crystal-colored key. It looks like it can be used to open something.",
  "actions": ["etc/items/actions/use_crystal_key_on_crystal_chest.json",
    "etc/items/actions/take_crystal_key.json",
    "etc/items/actions/look_at_crystal_key.json",
    "etc/items/actions/use_crystal_key.json",
    "etc/items/actions/talk_to_crystal_key.json",
    "etc/items/actions/enter_crystal_key.json",
    "etc/items/actions/eat_crystal_key.json",
    "etc/items/actions/hit_crystal_key.json",
    "etc/items/actions/climb_crystal_key.json",
    "etc/items/actions/move_crystal_key.json",
    "etc/items/actions/swim_crystal_key.json",
    "etc/items/actions/lift_crystal_key.json",
    "etc/items/actions/feed_crystal_key.json"]}