{"name": "Dog",
  "item_type": "FEATURE",
  "narration": "A Dog is close-by, sniffing around.",
  "description": "The Dog appears to be homeless.",
  "actions": ["etc/items/actions/view_dog.json",
    "etc/items/actions/feed_dog.json",
    "etc/items/actions/talk_dog.json",
    "etc/items/actions/eat_dog.json",
    "etc/items/actions/move_dog.json",
    "etc/items/actions/climb_dog.json",
    "etc/items/actions/hit_dog.json",
    "etc/items/actions/lift_dog.json",
    "etc/items/actions/take_dog.json",
    "etc/items/actions/use_dog.json",
    "etc/items/actions/enter_dog.json",
    "etc/items/actions/swim_dog.json"]}