{"name": "Grapes",
  "item_type": "FEATURE",
  "narration": "There are some colorful Grapes growing from a vine.",
  "description": "An assortment of colorful Grapes. My mouth waters as I stare at these.",
  "actions": ["etc/items/actions/view_grapes.json",
    "etc/items/actions/eat_grapes.json",
    "etc/items/actions/talk_grapes.json",
    "etc/items/actions/move_grapes.json",
    "etc/items/actions/climb_grapes.json",
    "etc/items/actions/feed_grapes.json",
    "etc/items/actions/hit_grapes.json",
    "etc/items/actions/lift_grapes.json",
    "etc/items/actions/take_grapes.json",
    "etc/items/actions/use_grapes.json",
    "etc/items/actions/enter_grapes.json",
    "etc/items/actions/swim_grapes.json"]}