{"name": "Green Chest",
  "item_type": "FEATURE",
  "narration": "You can see a Green Chest nearby.",
  "description": "A cooler-sized Green Chest sits on the ground. It looks like it has a keyhole.",
  "actions": ["etc/items/actions/view_green_chest.json",
    "etc/items/actions/talk_green_chest.json",
    "etc/items/actions/eat_green_chest.json",
    "etc/items/actions/move_green_chest.json",
    "etc/items/actions/climb_green_chest.json",
    "etc/items/actions/feed_green_chest.json",
    "etc/items/actions/hit_green_chest.json",
    "etc/items/actions/lift_green_chest.json",
    "etc/items/actions/take_green_chest.json",
    "etc/items/actions/use_green_chest.json",
    "etc/items/actions/enter_green_chest.json",
    "etc/items/actions/swim_green_chest.json"]}