{"name": "Lake",
  "item_type": "FEATURE",
  "narration": "There's a vast, beautiful Lake here.",
  "description": "The Lake has some nice calming water. Perfect for a dip.",
  "actions": ["etc/items/actions/view_lake.json",
    "etc/items/actions/swim_lake.json",
    "etc/items/actions/talk_lake.json",
    "etc/items/actions/eat_lake.json",
    "etc/items/actions/move_lake.json",
    "etc/items/actions/climb_lake.json",
    "etc/items/actions/feed_lake.json",
    "etc/items/actions/hit_lake.json",
    "etc/items/actions/lift_lake.json",
    "etc/items/actions/take_lake.json",
    "etc/items/actions/use_lake.json",
    "etc/items/actions/enter_lake.json"]}
