{"name": "Magic Sword",
  "item_type": "LEGENDARY",
  "narration": "Magic Sword is one of the legendary items needed to defeat Dr. Crime!",
  "description": "Magic Sword is one of the legendary items needed to defeat Dr. Crime!",
  "actions": ["etc/items/actions/view_magic_sword.json",
    "etc/items/actions/take_magic_sword.json",
    "etc/items/actions/talk_magic_sword.json",
    "etc/items/actions/eat_magic_sword.json",
    "etc/items/actions/move_magic_sword.json",
    "etc/items/actions/climb_magic_sword.json",
    "etc/items/actions/feed_magic_sword.json",
    "etc/items/actions/hit_magic_sword.json",
    "etc/items/actions/lift_magic_sword.json",
    "etc/items/actions/use_magic_sword.json",
    "etc/items/actions/enter_magic_sword.json",
    "etc/items/actions/swim_magic_sword.json"]}
