{"name": "Red Chest",
  "item_type": "FEATURE",
  "narration": "You can see a Red Chest nearby.",
  "description": "A cooler-sized Red Chest sits on the ground. It looks like it has a keyhole.",
  "actions": ["etc/items/actions/view_red_chest.json",
    "etc/items/actions/talk_red_chest.json",
    "etc/items/actions/eat_red_chest.json",
    "etc/items/actions/move_red_chest.json",
    "etc/items/actions/climb_red_chest.json",
    "etc/items/actions/feed_red_chest.json",
    "etc/items/actions/hit_red_chest.json",
    "etc/items/actions/lift_red_chest.json",
    "etc/items/actions/take_red_chest.json",
    "etc/items/actions/use_red_chest.json",
    "etc/items/actions/enter_red_chest.json",
    "etc/items/actions/swim_red_chest.json"]}
