 {"name": "Statue",
 "item_type": "FEATURE",
 "narration": "A Statue sits in the center of the park.",
 "description": "A giant bronze Statue of the city's founder. It's reflecting the sun's blinding light.",
 "actions": ["etc/items/actions/view_statue.json",
 "etc/items/actions/eat_statue.json",
 "etc/items/actions/climb_statue.json",
 "etc/items/actions/talk_statue.json",
 "etc/items/actions/move_statue.json",
 "etc/items/actions/feed_statue.json",
 "etc/items/actions/hit_statue.json",
 "etc/items/actions/lift_statue.json",
 "etc/items/actions/take_statue.json",
 "etc/items/actions/use_statue.json",
 "etc/items/actions/enter_statue.json",
 "etc/items/actions/swim_statue.json"]}