{"name": "Strength Orb",
  "item_type": "LEGENDARY",
  "narration": "It's the legendary Strength Orb! With this, I'll have the strength to battle Dr. Crime!",
  "description": "It's the legendary Strength Orb! With this, I'll have the strength to battle Dr. Crime!",
  "actions": ["etc/items/actions/view_strength_orb.json",
    "etc/items/actions/take_strength_orb.json",
    "etc/items/actions/talk_strength_orb.json",
    "etc/items/actions/eat_strength_orb.json",
    "etc/items/actions/move_strength_orb.json",
    "etc/items/actions/climb_strength_orb.json",
    "etc/items/actions/feed_strength_orb.json",
    "etc/items/actions/hit_strength_orb.json",
    "etc/items/actions/lift_strength_orb.json",
    "etc/items/actions/use_strength_orb.json",
    "etc/items/actions/enter_strength_orb.json",
    "etc/items/actions/swim_strength_orb.json"]}