{"name": "Vision Orb",
  "item_type": "LEGENDARY",
  "narration": "It's the legendary Vision Orb I was looking for! With this, I can see Dr. Crime's hidden Lair!",
  "description": "It's the legendary Vision Orb I was looking for! With this, I can see Dr. Crime's hidden Lair!",
  "actions": ["etc/items/actions/view_vision_orb.json",
    "etc/items/actions/take_vision_orb.json",
    "etc/items/actions/talk_vision_orb.json",
    "etc/items/actions/eat_vision_orb.json",
    "etc/items/actions/move_vision_orb.json",
    "etc/items/actions/climb_vision_orb.json",
    "etc/items/actions/feed_vision_orb.json",
    "etc/items/actions/hit_vision_orb.json",
    "etc/items/actions/lift_vision_orb.json",
    "etc/items/actions/use_vision_orb.json",
    "etc/items/actions/enter_vision_orb.json",
    "etc/items/actions/swim_vision_orb.json"]}