{"name": "Vitality Orb",
  "item_type": "LEGENDARY",
  "narration": "It's the legendary Vitality Orb! With this, I can withstand damage in battle against Dr. Crime!",
  "description": "It's the legendary Vitality Orb! With this, I can withstand damage in battle against Dr. Crime!",
  "actions": ["etc/items/actions/view_vitality_orb.json",
    "etc/items/actions/take_vitality_orb.json",
    "etc/items/actions/talk_vitality_orb.json",
    "etc/items/actions/eat_vitality_orb.json",
    "etc/items/actions/move_vitality_orb.json",
    "etc/items/actions/climb_vitality_orb.json",
    "etc/items/actions/feed_vitality_orb.json",
    "etc/items/actions/hit_vitality_orb.json",
    "etc/items/actions/lift_vitality_orb.json",
    "etc/items/actions/use_vitality_orb.json",
    "etc/items/actions/enter_vitality_orb.json",
    "etc/items/actions/swim_vitality_orb.json"]}