{"name": "Yellow Chest",
  "item_type": "FEATURE",
  "narration": "You can see a Yellow Chest nearby.",
  "description": "A cooler-sized Yellow Chest sits on the ground. It looks like it has a keyhole.",
  "actions": ["etc/items/actions/view_yellow_chest.json",
    "etc/items/actions/talk_yellow_chest.json",
    "etc/items/actions/eat_yellow_chest.json",
    "etc/items/actions/move_yellow_chest.json",
    "etc/items/actions/climb_yellow_chest.json",
    "etc/items/actions/feed_yellow_chest.json",
    "etc/items/actions/hit_yellow_chest.json",
    "etc/items/actions/lift_yellow_chest.json",
    "etc/items/actions/take_yellow_chest.json",
    "etc/items/actions/use_yellow_chest.json",
    "etc/items/actions/enter_yellow_chest.json",
    "etc/items/actions/swim_yellow_chest.json"]}